{
  "n": 4,
  "adjacency": [
    [
      [
        2,
        8
      ],
      [
        3,
        8
      ],
      [
        1,
        8
      ]
    ],
    [
      [
        3,
        13
      ],
      [
        0,
        8
      ],
      [
        2,
        10
      ]
    ],
    [
      [
        0,
        8
      ],
      [
        1,
        10
      ],
      [
        3,
        9
      ]
    ],
    [
      [
        0,
        8
      ],
      [
        1,
        13
      ],
      [
        2,
        9
      ]
    ]
  ],
  "x": [
    1.0313939475768268,
    -0.12948383740711816,
    -0.01687083894019597,
    1.1654520972838145
  ],
  "y": [
    1.1235883684243302,
    1.1074786071009508,
    -0.08566511818756961,
    -0.030044751840521085
  ],
  "past_states": [
    {
      "node_colors": [
        [
          127,
          127,
          127
        ],
        [
          127,
          127,
          127
        ],
        [
          127,
          127,
          127
        ],
        [
          127,
          127,
          127
        ]
      ],
      "edge_colors": {
        "0": {
          "2": [
            127,
            127,
            127
          ],
          "3": [
            127,
            127,
            127
          ],
          "1": [
            127,
            127,
            127
          ]
        },
        "2": {
          "0": [
            127,
            127,
            127
          ],
          "1": [
            127,
            127,
            127
          ],
          "3": [
            127,
            127,
            127
          ]
        },
        "3": {
          "0": [
            127,
            127,
            127
          ],
          "1": [
            127,
            127,
            127
          ],
          "2": [
            127,
            127,
            127
          ]
        },
        "1": {
          "0": [
            127,
            127,
            127
          ],
          "3": [
            127,
            127,
            127
          ],
          "2": [
            127,
            127,
            127
          ]
        }
      }
    },
    {
      "node_colors": [
        [
          0,
          255,
          0
        ],
        [
          127,
          127,
          127
        ],
        [
          127,
          127,
          127
        ],
        [
          127,
          127,
          127
        ]
      ],
      "edge_colors": {
        "0": {
          "2": [
            127,
            127,
            127
          ],
          "3": [
            127,
            127,
            127
          ],
          "1": [
            127,
            127,
            127
          ]
        },
        "2": {
          "0": [
            127,
            127,
            127
          ],
          "1": [
            127,
            127,
            127
          ],
          "3": [
            127,
            127,
            127
          ]
        },
        "3": {
          "0": [
            127,
            127,
            127
          ],
          "1": [
            127,
            127,
            127
          ],
          "2": [
            127,
            127,
            127
          ]
        },
        "1": {
          "0": [
            127,
            127,
            127
          ],
          "3": [
            127,
            127,
            127
          ],
          "2": [
            127,
            127,
            127
          ]
        }
      }
    },
    {
      "node_colors": [
        [
          0,
          255,
          0
        ],
        [
          0,
          0,
          255
        ],
        [
          0,
          0,
          255
        ],
        [
          0,
          0,
          255
        ]
      ],
      "edge_colors": {
        "0": {
          "2": [
            0,
            0,
            255
          ],
          "3": [
            0,
            0,
            255
          ],
          "1": [
            0,
            0,
            255
          ]
        },
        "2": {
          "0": [
            0,
            0,
            255
          ],
          "1": [
            127,
            127,
            127
          ],
          "3": [
            127,
            127,
            127
          ]
        },
        "3": {
          "0": [
            0,
            0,
            255
          ],
          "1": [
            127,
            127,
            127
          ],
          "2": [
            127,
            127,
            127
          ]
        },
        "1": {
          "0": [
            0,
            0,
            255
          ],
          "3": [
            127,
            127,
            127
          ],
          "2": [
            127,
            127,
            127
          ]
        }
      }
    },
    {
      "node_colors": [
        [
          0,
          255,
          0
        ],
        [
          255,
          0,
          0
        ],
        [
          0,
          0,
          255
        ],
        [
          0,
          0,
          255
        ]
      ],
      "edge_colors": {
        "0": {
          "2": [
            0,
            0,
            255
          ],
          "3": [
            0,
            0,
            255
          ],
          "1": [
            255,
            0,
            0
          ]
        },
        "2": {
          "0": [
            0,
            0,
            255
          ],
          "1": [
            127,
            127,
            127
          ],
          "3": [
            127,
            127,
            127
          ]
        },
        "3": {
          "0": [
            0,
            0,
            255
          ],
          "1": [
            127,
            127,
            127
          ],
          "2": [
            127,
            127,
            127
          ]
        },
        "1": {
          "0": [
            255,
            0,
            0
          ],
          "3": [
            127,
            127,
            127
          ],
          "2": [
            127,
            127,
            127
          ]
        }
      }
    },
    {
      "node_colors": [
        [
          0,
          255,
          0
        ],
        [
          255,
          0,
          0
        ],
        [
          0,
          0,
          255
        ],
        [
          0,
          0,
          255
        ]
      ],
      "edge_colors": {
        "0": {
          "2": [
            0,
            0,
            255
          ],
          "3": [
            0,
            0,
            255
          ],
          "1": [
            255,
            0,
            0
          ]
        },
        "2": {
          "0": [
            0,
            0,
            255
          ],
          "1": [
            127,
            127,
            127
          ],
          "3": [
            127,
            127,
            127
          ]
        },
        "3": {
          "0": [
            0,
            0,
            255
          ],
          "1": [
            127,
            127,
            127
          ],
          "2": [
            127,
            127,
            127
          ]
        },
        "1": {
          "0": [
            255,
            0,
            0
          ],
          "3": [
            127,
            127,
            127
          ],
          "2": [
            127,
            127,
            127
          ]
        }
      }
    },
    {
      "node_colors": [
        [
          0,
          255,
          0
        ],
        [
          127,
          0,
          0
        ],
        [
          255,
          0,
          0
        ],
        [
          0,
          0,
          255
        ]
      ],