{
  "n": 13,
  "adjacency": [
    [
      [
        1,
        71
      ],
      [
        5,
        151
      ]
    ],
    [
      [
        0,
        71
      ],
      [
        2,
        75
      ]
    ],
    [
      [
        1,
        75
      ],
      [
        3,
        118
      ],
      [
        5,
        140
      ]
    ],
    [
      [
        2,
        118
      ],
      [
        4,
        111
      ]
    ],
    [
      [
        3,
        111
      ],
      [
        11,
        70
      ]
    ],
    [
      [
        0,
        151
      ],
      [
        2,
        140
      ],
      [
        6,
        80
      ],
      [
        7,
        99
      ]
    ],
    [
      [
        5,
        80
      ],
      [
        8,
        97
      ],
      [
        9,
        148
      ]
    ],
    [
      [
        5,
        99
      ],
      [
        10,
        211
      ]
    ],
    [
      [
        6,
        97
      ],
      [
        9,
        138
      ],
      [
        10,
        101
      ]
    ],
    [
      [
        6,
        148
      ],
      [
        8,
        138
      ],
      [
        12,
        120
      ]
    ],
    [
      [
        7,
        211
      ],
      [
        8,
        101
      ]
    ],
    [
      [
        4,
        70
      ],
      [
        12,
        75
      ]
    ],
    [
      [
        9,
        120
      ],
      [
        11,
        75
      ]
    ]
  ],
  "x": [
    -2.950926987928527,
    -2.8522433341824236,
    -1.3555569633279005,
    -0.05725431483670024,
    1.5487643048113355,
    -1.3370684124229484,
    0.28019351254832475,
    -1.4213845763852677,
    1.0805785848221972,
    1.9408755769696981,
    -0.06307239843006608,
    2.863609211954667,
    3.040372186912953
  ],
  "y": [
    0.9608300268204837,
    2.3494618906165305,
    2.2526637740905104,
    3.355489489161006,
    3.6377465979953967,
    0.4767974462290866,
    0.030071971790573346,
    -1.1584041157338871,
    -1.208743704410264,
    0.1263160475922005,
    -2.2247419722490664,
    2.8723213354923463,
    1.364886971813402
  ],
  "past_states": [
    {
      "node_colors": [
        [
          127,
          127,
          127
        ],
        [
          127,
          127,
          127
        ],
        [
          127,
          127,
          127
        ],
        [
          127,
          127,
          127
        ],
        [
          127,
          127,
          127
        ],
        [
          127,
          127,
          127
        ],
        [
          127,
          127,
          127
        ],
        [
          127,
          127,
          127
        ],
        [
          127,
          127,
          127
        ],
        [
          127,
          127,
          127
        ],
        [
          127,
          127,
          127
        ],
        [
          127,
          127,
          127
        ],
        [
          127,
          127,
          127
        ]
      ],
      "edge_colors": {
        "0": {
          "1": [
            127,
            127,
            127
          ],
          "5": [
            127,
            127,
            127
          ]
        },
        "1": {
          "0": [
            127,
            127,
            127
          ],
          "2": [
            127,
            127,
            127
          ]
        },
        "5": {
          "0": [
            127,
            127,
            127
          ],
          "2": [
            127,
            127,
            127
          ],
          "6": [
            127,
            127,
            127
          ],
          "7": [
            127,
            127,
            127
          ]
        },
        "2": {
          "1": [
            127,
            127,
            127
          ],
          "3": [
            127,
            127,
            127
          ],
          "5": [
            127,
            127,
            127
          ]
        },
        "3": {
          "2": [
            127,
            127,
            127
          ],
          "4": [
            127,
            127,
            127
          ]
        },
        "4": {
          "3": [
            127,
            127,
            127
          ],
          "11": [
            127,
            127,
            127
          ]
        },
        "11": {
          "4": [
            127,
            127,
            127
          ],
          "12": [
            127,
            127,
            127
          ]
        },
        "6": {
          "5": [
            127,
            127,
            127
          ],
          "8": [
            127,
            127,
            127
          ],
          "9": [
            127,
            127,
            127
          ]
        },
        "7": {
          "5": [
            127,
            127,
            127
          ],
          "10": [
            127,
            127,
            127
          ]
        },
        "8": {
          "6": [
            127,
            127,
            127
          ],
          "9": [
            127,
            127,
            127
          ],
          "10": [
            127,
            127,
            127
          ]
        },
        "9": {
          "6": [
            127,
            127,
            127
          ],
          "8": [
            127,
            127,
            127
          ],
          "12": [
            127,
            127,
            127
          ]
        },
        "10": {
          "7": [
            127,
            127,
            127
          ],
          "8": [
            127,
            127,
            127
          ]
        },
        "12": {
          "9": [
            127,
            127,
            127
          ],
          "11": [
            127,
            127,
            127
          ]
        }
      }
    }
  ],
  "frame_count": 1,
  "current_node_colors": [
    [
      127,
      127,
      127
    ],
    [
      127,
      127,
      127
    ],
    [
      127,
      127,
      127
    ],
    [
      127,
      127,
      127
    ],
    [
      127,
      127,
      127
    ],
    [
      127,
      127,
      127
    ],
    [
      127,
      127,
      127
    ],
    [
      127,
      127,
      127
    ],
    [
      127,
      127,
      127
    ],
    [
      127,
      127,
      127
    ],
    [
      127,
      127,
      127
    ],
    [
      127,
      127,
      127
    ],
    [
      127,
      127,
      127
    ]
  ],
  "current_edge_colors": {
    "0": {
      "1": [
        127,
        127,
        127
      ],
      "5": [
        127,
        127,
        127
      ]
    },
    "1": {
      "0": [
        127,
        127,
        127
      ],
      "2": [
        127,
        127,
        127
      ]
    },
    "5": {
      "0": [
        127,
        127,
        127
      ],
      "2": [
        127,
        127,
        127
      ],
      "6": [
        127,
        127,
        127
      ],
      "7": [
        127,
        127,
        127
      ]
    },
    "2": {
      "1": [
        127,
        127,
        127
      ],
      "3": [
        127,
        127,
        127
      ],
      "5": [
        127,
        127,
        127
      ]
    },
    "3": {
      "2": [
        127,
        127,
        127
      ],
      "4": [
        127,
        127,
        127
      ]
    },
    "4": {
      "3": [
        127,
        127,
        127
      ],
      "11": [
        127,
        127,
        127
      ]
    },
    "11": {
      "4": [
        127,
        127,
        127
      ],
      "12": [
        127,
        127,
        127
      ]
    },
    "6": {
      "5": [
        127,
        127,
        127
      ],
      "8": [
        127,
        127,
        127
      ],
      "9": [
        127,
        127,
        127
      ]
    },